count,subredit
1,710
1,AskReddit
1,CAchatquotes
1,CasualConversation
1,ChineseLanguage
1,DestinyTheGame
1,Diablo
1,Diablo3DemonHunters
1,FULLCOMMUNISM
1,Fallout
1,Fireteams
1,Gamingcirclejerk
1,Harambe
1,HongKong
1,ImGoingToHellForThis
1,Jokes
1,LeagueofAngelsMobile
1,ModernMagic
1,PokemonGOIVs
1,Proposal
1,ShitAmericansSay
1,Squidbillies
1,VWVans
1,Volkswagen
1,awfuleverything
1,aww
1,casualiama
1,cc_irl
1,cigars
1,cringepics
1,dolan
1,electroforming
1,evenewbies
1,explainlikeimfive
1,funny
1,glassheads
1,instant_regret
1,investing
1,listentothis
1,magicTCG
1,mildlyinteresting
1,newreddits
1,news
1,nfl
1,ossIdeas
1,photoshopbattles
1,pics
1,pokemon
1,pokemongo
1,pokemongola
1,pokemonshowdown
1,quityourbullshit
1,refrigeratorshots
1,shittyreactiongifs
1,socialism
1,spacejews
1,spikes
1,switcharoo
1,teenmom
1,television
1,theforceawakens
1,tipofmypenis
1,trees
1,uncensorednews
1,videos
