count,subreddit
1,0x10c
1,12winArenaLog
1,2007scape
1,3Dprinting
1,420
1,4cahn
1,4chan
1,911truth
1,ADHD
1,APStudents
1,AccidentalRenaissance
1,Actuallyitsgoodnow
1,AdamCarolla
1,AdiposeAmigos
1,AdobeIllustrator
1,AdoptASilver
1,Advice
1,AdviceAnimals
1,Africa
1,AgainstHateSubreddits
1,AltisLife
1,Amd
1,Ameristralia
1,AnaheimDucks
1,Anarcho_Capitalism
1,Anti4chan
1,Antiques
1,Anxiety
1,ApocalypseRadio
1,ArcherFX
1,ArchitecturePorn
1,ArenaHS
1,Art
1,ArtefactPorn
1,AskALiberal
1,AskBernieSupporters
1,AskCulinary
1,AskDocs
1,AskElectronics
1,AskEngineers
1,AskHistorians
1,AskMen
1,AskMenOver30
1,AskReddit
1,AskTechnology
1,AskThe_Donald
1,AskTrumpSupporters
1,AskWomen
1,Asthma
1,AstroGaming
1,AusPol
1,AustralianMFA
1,AutoDetailing
1,Awww
1,BBQ
1,BPD
1,Bane
1,BannedFromThe_Donald
1,BannedFrom_Offmychest
1,BasketballTips
1,Battlecon
1,Battlefield
1,BeautyAddiction
1,Beekeeping
1,BernTheConvention
1,BernieorBust
1,BerniesRevolution
1,BestOfOutrageCulture
1,Bitcoin
1,BlackOutNews
1,BlackPeopleTwitter
1,BloodGulchRP
1,Boxing
1,Briggs
1,Brunei
1,Buddhism
1,Butterflies
1,CHIBears
1,CODZombies
1,CSGO_Wild
1,CallOfDuty
1,CatholicPolitics
1,Catholicism
1,Chadyetoast
1,Chargers
1,Charlotte
1,Chevy
1,Christianity
1,ChristiansAwake2NWO
1,Cinema4D
1,Cinemagraphs
1,CitiesSkylines
1,ClashOfClans
1,ClashRoyale
1,Cleveland
1,CoDCompetitive
1,CodAW
1,CodCompCirclejerk
1,Coffee
1,CollegeBasketball
1,CombatFootage
1,Competitiveoverwatch
1,Connecticut
1,Conservative
1,Cookies
1,Cooking
1,CrappyDesign
1,CrazyIdeas
1,CringeAnarchy
1,CrusaderKings
1,Cyberpunk
1,DC_Cinematic
1,DFO
1,DIY
1,DIY_eJuice
1,DNCleaks
1,DarkEnlightenment
1,DarkSouls2
1,DarkSoulsHelp
1,DeepIntoYouTube
1,DerekSmartWasRight
1,Dermatology
1,DestinyTheGame
1,DeusVult
1,Deusex
1,Dexter
1,Diablo3DemonHunters
1,Dirtybomb
1,Donald_Trump
1,Doom
1,Dota2Trade
1,Dreadfort
1,Dreams
1,Dreamtheater
1,Driveclub
1,Drugs
1,EarthPorn
1,Earthquakes
1,Economics
1,Egalitarianism
1,EliteDangerous
1,EnoughTrumpSpam
1,Entrepreneur
1,Esperanto
1,EverythingScience
1,ExileModServers
1,FOXNEWS
1,Fallout
1,FalloutMods
1,Fantasy_Football
1,FellowKids
1,Feminism
1,Fighters
1,Fios
1,Firearms
1,Fishing
1,Fitness
1,FloridaMan
1,FortWorth
1,FrankOcean
1,Frat
1,FuckMyShitUp
1,GamerPals
1,Games
1,GaryJohnson
1,GetMotivated
1,GetOutOfBed
1,Glitch_in_the_Matrix
1,GlobalOffensive
1,GloryTamers
1,GoldandBlack
1,Graffiti
1,GrandTheftAutoV
1,GrandTheftAutoV_PC
1,Guitar
1,GuitarHero
1,GunPorn
1,Gundam
1,HFY
1,Harambe
1,Harambe_2016
1,HeavenlyHost
1,HelpMeFind
1,Herblore
1,HeroesAcademyReborn
1,HillaryForPrison
1,HomeImprovement
1,HomeworkHelp
1,Horses
1,IAmA
1,IHateSportsball
1,Idubbbz
1,ImGoingToHellForThis
1,Infowars
1,Island
1,Israel
1,Jokes
1,JonShafersAtTheGates
1,JusticePorn
1,Knightsofpenandpaper
1,KotakuInAction
1,KronosWoW
1,LSD
1,LasCruces
1,LateStageCapitalism
1,Le_Pen
1,LegalNews
1,LiberalDegeneracy
1,Libertarian
1,LifeProTips
1,LifeasanNPC
1,Loadout
1,LosAngeles
1,Louisiana
1,LucidDreaming
1,Luthier
1,M43
1,MMA
1,MMJ
1,MURICA
1,MaddenUltimateTeam
1,Makemeagif
1,MakeupAddicts
1,Maps
1,Marijuana
1,MarkMyWords
1,MechanicAdvice
1,MechanicalKeyboards
1,MensRights
1,Metal
1,Metroid
1,Military
1,MilitaryPorn
1,Minecraft
1,Morrowind
1,MotivatedMusic
1,MotoX
1,MrRobot
1,Mr__Trump
1,Munich
1,Music
1,NASCAR
1,NBASpurs
1,NCPics
1,NFL_Draft
1,NameThatSong
1,Needafriend
1,Neopia
1,NeverHillary
1,NewMexicoForSanders
1,NintendoNX
1,NoFap
1,NoMansSkyTheGame
1,NoStupidQuestions
1,Norse
1,NorthCarolina
1,OSHA
1,OccupyPhilly
1,OffensiveSpeech
1,OkCupid
1,OldSchoolCool
1,OnHub
1,OnePiece
1,OnePieceTC
1,OutOfTheLoop
1,Overwatch
1,PS4
1,PS4Deals
1,PantheonMMO
1,Paranormal
1,PartyParrot
1,PennStateUniversity
1,Petioles
1,Philippines
1,PlayStationNow
1,PokePorn
1,PokemonGoMystic
1,PokemonGoRed
1,PokemonShuffle
1,PoliticalDiscussion
1,Political_Revolution
1,Pottery
1,Predators
1,ProjectAra
1,ProtectAndServe
1,Punk_Heads
1,Punny
1,RBI
1,RESissues
1,RainbowSixSiege
1,RandomActsofTrump
1,RealEstate
1,RecruitCS
1,Redskins
1,ReoMaori
1,Reprap
1,Republican
1,Rochester
1,RocketLeague
1,Rumblr
1,RusherArmy2b2t
1,SEGAGENESIS
1,SJWatch
1,SJWsAtWork
1,SRSDiscussion
1,SaltLakeCity
1,SandersForPresident
1,SargonofAkkad
1,ScenesFromAHat
1,Schoolchoice
1,ShadowBan
1,ShadowBanned
1,ShitRedditSays
1,ShittyAnimalFacts
1,ShittyPhilosophy
1,ShittyTechSupport
1,Showerthoughts
1,Shrek
1,SideProject
1,SilverFoxes
1,Silverbugs
1,Smite
1,Soda
1,SolidWorks
1,SonsOfKojima
1,Soros
1,SouthBend
1,Spiderman
1,Sprint
1,SquaredCircle
1,StLouis
1,StarWars
1,StarWarsBattlefront
1,Steam
1,SteamGameSwap
1,StreetFights
1,StreetwearDaily
1,SubredditDrama
1,SumbagProTips
1,Swimming
1,Synereo
1,TAAOfficial
1,TalesFromYourServer
1,TalesofPrivilege
1,TapeKvlt
1,TedCruzForPresident
1,TeenFA
1,Televisions
1,TestingRange
1,TheContinuum
1,ThePopcornStand
1,TheShowFranchise
1,The_Crew
1,The_Donald
1,The_Europe
1,The_Farage
1,The_Hofer
1,The_Nehlen
1,The_Wilders
1,Tickets
1,TightenUpTheGraphics
1,Tinder
1,TotallyStraight
1,TrollXChromosomes
1,TrueChristian
1,TrueOffMyChest
1,TrumpForPresident
1,TumblrInAction
1,Twitch
1,UNAgenda21
1,USF
1,USMC
1,Ultralight
1,Undertale
1,UnexpectedThugLife
1,UnresolvedMysteries
1,Vaporwave
1,Vive
1,Vue
1,WTF
1,WWEGames
1,Wafflestomp
1,Warhammer40k
1,Warthunder
1,WatchItForThePlot
1,Watches
1,Watchexchange
1,Waxpen
1,WayOfTheBern
1,WeAreTheMusicMakers
1,Welding
1,WhiteRights
1,WhiteWolfRPG
1,WidescreenWallpaper
1,WikiLeaks
1,Wilmington
1,Windows10
1,WomenForTrump
1,WorldOfWarships
1,WritingPrompts
1,Yiannopoulos
1,YouSeeComrade
1,Zaszman
1,Zionism
1,acne
1,aeiou
1,altright
1,anemortalkid
1,anime
1,apple
1,armoredwomen
1,askaconservative
1,askashittyphilosopher
1,askhillarysupporters
1,asklaw
1,askscience
1,asmr
1,asoiaf
1,atheism
1,avantgardefashion
1,awardtravel
1,aww
1,axiomverge
1,battlebots
1,battlefield_one
1,beer
1,beertrade
1,bengals
1,bestof
1,bestofworldstar
1,beyondtheguitar
1,bikepacking
1,biology
1,boardgames
1,bootyhadmelike
1,buildapc
1,butterface
1,c64
1,cad
1,cahideas
1,cakeday
1,calculus
1,calvinandhobbes
1,canada
1,candy
1,captainsmode
1,cats
1,catvideos
1,cfbcirclejerk
1,changemyview
1,chickens
1,cigars
1,circlejerk
1,civ
1,climatechange
1,climateskeptics
1,comics
1,computers
1,conspiracy
1,copypasta
1,cordcutters
1,creepy
1,creepypasta
1,csharp
1,custommagic
1,cycling
1,cynicalbritofficial
1,daddit
1,dankmemes
1,darksouls
1,darksouls3
1,darksoulspvp
1,dbz
1,dcpu16
1,dcuonline
1,de
1,depression
1,dfsports
1,diabetes
1,diytubes
1,djiphantom
1,doctorwho
1,dotnet
1,drones
1,drunk
1,duolingo
1,dvdasa
1,ebikes
1,edefreiheit
1,eggs
1,electricians
1,electronic_cigarette
1,eliaszjm
1,ems
1,engineering
1,entp
1,environment
1,esportsbook
1,espresso
1,ethereum
1,eu4
1,europeannationalism
1,explainlikeimfive
1,faceswap
1,faeria
1,falloutshelter
1,fandomnatural
1,fantasyfootball
1,fashionsouls
1,fasting
1,fatlogic
1,fatpeoplestories
1,femalefashion
1,femalefashionadvice
1,fffffffuuuuuuuuuuuu
1,fifthworldproblems
1,financialaid
1,findareddit
1,firstworldanarchists
1,firstworldproblems
1,fixit
1,fo4
1,food
1,footballmanagergames
1,footybetting
1,forearmporn
1,forwardsfrompatton
1,foshelter
1,foxes
1,fragrance
1,freefolk
1,freelance
1,friendsafari
1,fringe
1,funny
1,futurebeatproducers
1,gamecollecting
1,gameofthrones
1,gaming
1,gamingasmr
1,gatekeeping
1,geek
1,gentlemen
1,geopolitics
1,gif
1,gifs
1,gnomoria
1,graphic_design
1,gravityfalls
1,greenday
1,greenvillecirclejerk
1,grilledcheese
1,gundeals
1,guns
1,h1z1
1,halo
1,hardware
1,hardwareswap
1,harrypotter
1,hawks
1,hawksmarketplace
1,hearthstone
1,heraldry
1,highlander
1,hillaryclinton
1,hiphopheads
1,holdmybeer
1,homeworld
1,humor
1,husky
1,iRacing
1,iamverysmart
1,ich_iel
1,ideasfortheadmins
1,ifiwonthelottery
1,im14andthisisdeep
1,im14andthisisfunny
1,indieaddiction
1,indieheads
1,interestingasfuck
1,inthenews
1,investing
1,iphone
1,irrational_abbztract
1,javahelp
1,jerky
1,jillstein
1,keto
1,kingdomsofamalur
1,kodi
1,korrasami
1,kotor
1,kratom
1,kreiswichs
1,languagelearning
1,lastimages
1,lastselfies
1,latin
1,leagueoflegends
1,learnmath
1,leaves
1,lecutinsideman
1,legaladvice
1,legaladviceofftopic
1,lgbt
1,liberalswine
1,lifehacks
1,listentothis
1,londonontario
1,looking4group
1,lookingatbread
1,loseit
1,lotr
1,lowlevelaware
1,luxury_watches
1,magicTCG
1,magicatheism
1,malefashion
1,malefashionadvice
1,marijuanaenthusiasts
1,mashgifs
1,mcservers
1,me_irl
1,mead
1,mechanical_gifs
1,mechmarket
1,memes
1,metacanada
1,mfa_irl
1,mildlyinfuriating
1,mildlyinteresting
1,mildlypenis
1,milliondollarextreme
1,mindcrack
1,moab
1,moto360
1,motorcycles
1,movies
1,n64
1,nature
1,nba
1,nederlands
1,netflix
1,new_right
1,newreddits
1,news
1,newsworldwide
1,newzealand
1,nfl
1,nocontext
1,nonononoyes
1,nostalgia
1,nottheonion
1,nvidia
1,ocremix
1,oddlysatisfying
1,offbeat
1,olympics
1,onebros
1,opieandanthony
1,opskins
1,panthers
1,paradoxplaza
1,patientgamers
1,paxeast
1,pcgaming
1,pcgamingtechsupport
1,pcmasterrace
1,pepe
1,personalfinance
1,philadelphia
1,phillip
1,philosophy
1,phones
1,photography
1,photomarket
1,photoshop
1,photoshopbattles
1,pics
1,playrust
1,playrustservers
1,pokemon
1,pokemongo
1,pokemongoNYC
1,pokemongoyellow
1,polandball
1,politics
1,popheads
1,popping
1,pornID
1,poultry
1,preppers
1,prisonarchitect
1,proED
1,programming
1,programminghorror
1,progun
1,prolife
1,pugs
1,pumparum
1,pussypassdenied
1,pyrocynical
1,racism
1,rant
1,ravens
1,rawdenim
1,reactiongifs
1,reddit.com
1,republicans
1,residentevil
1,resumes
1,retrogaming
1,rickandmorty
1,ronpaul
1,rpg
1,s4t
1,sandiego
1,science
1,screenshots
1,self
1,sewing
1,sexygirls
1,shadowofmordor
1,shestillsucking
1,shitposting
1,shittyadvice
1,shittyaskreddit
1,shittyaskscience
1,shittydiy
1,shittyfoodporn
1,shittylpt
1,shouldercats
1,shutupandtakemymoney
1,silenthill
1,sixwordstories
1,sjwhate
1,skeptic
1,skyrim
1,skyrimmods
1,sleep
1,smashbros
1,smitetraining
1,smoking
1,snakes
1,snapchat
1,soccer
1,southpark
1,space
1,spaceengineers
1,spiders
1,sports
1,stalker
1,starcitizen
1,stocks
1,strandeddeep
1,subredditcancer
1,suggestapc
1,summonerschool
1,supremeclothing
1,sustainability
1,sweden
1,swgemu
1,swoleacceptance
1,swtor
1,swtor_trade
1,syriancivilwar
1,sysadmin
1,systemshock
1,talesfromtechsupport
1,teamreindeer
1,technology
1,techsupport
1,television
1,tf2
1,tf2trade
1,thatHappened
1,theNvidiaShield
1,the_donald_alternate
1,thebutton
1,thedivision
1,thedonald
1,theroom
1,thewalkingdead
1,theydidthemath
1,thingsforants
1,thirdworldproblems
1,tifu
1,tipofmyjoystick
1,tipofmytongue
1,titanfall
1,todayilearned
1,toosoon
1,toronto
1,totalwar
1,trains
1,translator
1,uMagic
1,uberpromo
1,ultrawidemasterrace
1,uncensorednews
1,uncharted
1,unchartedmultiplayer
1,unitedkingdom
1,usa
1,usanews
1,vancouver
1,verizon
1,videos
1,vintagekitchentoys
1,wallpapers
1,wallstreetdd
1,wardrobepurge
1,weather
1,weirdnews
1,whatcarshouldIbuy
1,whatisthisthing
1,whatsthisbug
1,whatsthisplant
1,wheelanddeal
1,whiskey
1,wicked_edge
1,windows
1,winstonsalem
1,wlttrachalac
1,woahdude
1,worldnews
1,wow
1,wowservers
1,wwe_network
1,wwenetwork
1,xboxone
1,xray
1,youtube
1,youtubeclassic
1,youtubecomments
1,zombies
